{
	"info": {
		"_postman_id": "4232f66d-bc86-410e-b1a9-bb057b4b91a9",
		"name": "Lord Of The Rings API",
		"schema": "https://schema.getpostman.com/json/collection/v2.1.0/collection.json",
		"_exporter_id": "17826164"
	},
	"item": [
		{
			"name": "Books",
			"item": [
				{
					"name": "All Books",
					"event": [
						{
							"listen": "prerequest",
							"script": {
								"exec": [
									"pm.sendRequest(\"https://postman-echo.com/get\", function (err, response) {\r",
									"    console.log(response.json());\r",
									"});"
								],
								"type": "text/javascript"
							}
						},
						{
							"listen": "test",
							"script": {
								"exec": [
									"pm.test(\"Status code is 200\", function () {\r",
									"    pm.response.to.have.status(200);\r",
									"});\r",
									""
								],
								"type": "text/javascript"
							}
						}
					],
					"request": {
						"method": "GET",
						"header": [],
						"url": {
							"raw": "https://the-one-api.dev/v2/book",
							"protocol": "https",
							"host": [
								"the-one-api",
								"dev"
							],
							"path": [
								"v2",
								"book"
							]
						}
					},
					"response": []
				},
				{
					"name": "Request one specific book",
					"event": [
						{
							"listen": "test",
							"script": {
								"exec": [
									"pm.test(\"Status code is 200\", function () {\r",
									"    pm.response.to.have.status(200);\r",
									"});"
								],
								"type": "text/javascript"
							}
						}
					],
					"request": {
						"method": "GET",
						"header": [],
						"url": {
							"raw": "https://the-one-api.dev/v2/book/5cf5805fb53e011a64671582",
							"protocol": "https",
							"host": [
								"the-one-api",
								"dev"
							],
							"path": [
								"v2",
								"book",
								"5cf5805fb53e011a64671582"
							]
						}
					},
					"response": []
				},
				{
					"name": "All chapters of one specific book ",
					"event": [
						{
							"listen": "test",
							"script": {
								"exec": [
									"pm.test(\"Status code is 200\", function () {\r",
									"    pm.response.to.have.status(200);\r",
									"});"
								],
								"type": "text/javascript"
							}
						}
					],
					"request": {
						"method": "GET",
						"header": [],
						"url": {
							"raw": "https://the-one-api.dev/v2/book/5cf5805fb53e011a64671582/chapter",
							"protocol": "https",
							"host": [
								"the-one-api",
								"dev"
							],
							"path": [
								"v2",
								"book",
								"5cf5805fb53e011a64671582",
								"chapter"
							]
						}
					},
					"response": []
				}
			]
		},
		{
			"name": "Movies",
			"item": [
				{
					"name": "All movie quotes for one specific movie",
					"event": [
						{
							"listen": "test",
							"script": {
								"exec": [
									"pm.test(\"Status code is 200\", function () {\r",
									"    pm.response.to.have.status(200);\r",
									"});"
								],
								"type": "text/javascript"
							}
						}
					],
					"request": {
						"auth": {
							"type": "bearer",
							"bearer": [
								{
									"key": "token",
									"value": "-HvFGj3EEecrG_GaYyNY",
									"type": "string"
								}
							]
						},
						"method": "GET",
						"header": [],
						"url": {
							"raw": "https://the-one-api.dev/v2/movie/5cd95395de30eff6ebccde5d/quote",
							"protocol": "https",
							"host": [
								"the-one-api",
								"dev"
							],
							"path": [
								"v2",
								"movie",
								"5cd95395de30eff6ebccde5d",
								"quote"
							]
						}
					},
					"response": []
				},
				{
					"name": "All movies",
					"request": {
						"auth": {
							"type": "bearer",
							"bearer": [
								{
									"key": "token",
									"value": "-HvFGj3EEecrG_GaYyNY",
									"type": "string"
								}
							]
						},
						"method": "GET",
						"header": [],
						"url": {
							"raw": "https://the-one-api.dev/v2/movie",
							"protocol": "https",
							"host": [
								"the-one-api",
								"dev"
							],
							"path": [
								"v2",
								"movie"
							]
						}
					},
					"response": []
				},
				{
					"name": "Request one specific movie",
					"request": {
						"auth": {
							"type": "bearer",
							"bearer": [
								{
									"key": "token",
									"value": "-HvFGj3EEecrG_GaYyNY",
									"type": "string"
								}
							]
						},
						"method": "GET",
						"header": [],
						"url": {
							"raw": "https://the-one-api.dev/v2/movie/5cd95395de30eff6ebccde56",
							"protocol": "https",
							"host": [
								"the-one-api",
								"dev"
							],
							"path": [
								"v2",
								"movie",
								"5cd95395de30eff6ebccde56"
							]
						}
					},
					"response": []
				}
			]
		},
		{
			"name": "Characters",
			"item": [
				{
					"name": "List of characters",
					"request": {
						"auth": {
							"type": "bearer",
							"bearer": [
								{
									"key": "token",
									"value": "-HvFGj3EEecrG_GaYyNY",
									"type": "string"
								}
							]
						},
						"method": "GET",
						"header": [],
						"url": {
							"raw": "https://the-one-api.dev/v2/character",
							"protocol": "https",
							"host": [
								"the-one-api",
								"dev"
							],
							"path": [
								"v2",
								"character"
							]
						}
					},
					"response": []
				},
				{
					"name": "One specific character",
					"request": {
						"auth": {
							"type": "bearer",
							"bearer": [
								{
									"key": "token",
									"value": "-HvFGj3EEecrG_GaYyNY",
									"type": "string"
								}
							]
						},
						"method": "GET",
						"header": [],
						"url": {
							"raw": "https://the-one-api.dev/v2/character/5cd99d4bde30eff6ebccfd41",
							"protocol": "https",
							"host": [
								"the-one-api",
								"dev"
							],
							"path": [
								"v2",
								"character",
								"5cd99d4bde30eff6ebccfd41"
							]
						}
					},
					"response": []
				},
				{
					"name": "All movie quotes of one specific character",
					"request": {
						"auth": {
							"type": "bearer",
							"bearer": [
								{
									"key": "token",
									"value": "-HvFGj3EEecrG_GaYyNY",
									"type": "string"
								}
							]
						},
						"method": "GET",
						"header": [],
						"url": {
							"raw": "https://the-one-api.dev/v2/character/5cd99d4bde30eff6ebccfce7/quote",
							"protocol": "https",
							"host": [
								"the-one-api",
								"dev"
							],
							"path": [
								"v2",
								"character",
								"5cd99d4bde30eff6ebccfce7",
								"quote"
							]
						}
					},
					"response": []
				}
			]
		},
		{
			"name": "Quote",
			"item": [
				{
					"name": "List of all movie quotes",
					"request": {
						"auth": {
							"type": "bearer",
							"bearer": [
								{
									"key": "token",
									"value": "-HvFGj3EEecrG_GaYyNY",
									"type": "string"
								}
							]
						},
						"method": "GET",
						"header": [],
						"url": {
							"raw": "https://the-one-api.dev/v2/quote",
							"protocol": "https",
							"host": [
								"the-one-api",
								"dev"
							],
							"path": [
								"v2",
								"quote"
							]
						}
					},
					"response": []
				},
				{
					"name": "One specific movie quote",
					"request": {
						"auth": {
							"type": "bearer",
							"bearer": [
								{
									"key": "token",
									"value": "-HvFGj3EEecrG_GaYyNY",
									"type": "string"
								}
							]
						},
						"method": "GET",
						"header": [],
						"url": {
							"raw": "https://the-one-api.dev/v2/quote/5cd96e05de30eff6ebcce7e9",
							"protocol": "https",
							"host": [
								"the-one-api",
								"dev"
							],
							"path": [
								"v2",
								"quote",
								"5cd96e05de30eff6ebcce7e9"
							]
						}
					},
					"response": []
				}
			]
		},
		{
			"name": "Chapter",
			"item": [
				{
					"name": "List of all book chapters",
					"request": {
						"auth": {
							"type": "bearer",
							"bearer": [
								{
									"key": "token",
									"value": "-HvFGj3EEecrG_GaYyNY",
									"type": "string"
								}
							]
						},
						"method": "GET",
						"header": [],
						"url": {
							"raw": "https://the-one-api.dev/v2/chapter",
							"protocol": "https",
							"host": [
								"the-one-api",
								"dev"
							],
							"path": [
								"v2",
								"chapter"
							]
						}
					},
					"response": []
				},
				{
					"name": "One specific book chapter",
					"request": {
						"auth": {
							"type": "bearer",
							"bearer": [
								{
									"key": "token",
									"value": "-HvFGj3EEecrG_GaYyNY",
									"type": "string"
								}
							]
						},
						"method": "GET",
						"header": [],
						"url": {
							"raw": "https://the-one-api.dev/v2/chapter/6091b6d6d58360f988133b8c",
							"protocol": "https",
							"host": [
								"the-one-api",
								"dev"
							],
							"path": [
								"v2",
								"chapter",
								"6091b6d6d58360f988133b8c"
							]
						}
					},
					"response": []
				}
			]
		}
	]
}